工作地區,公司規模,產業類別,職務類別,需求技能數量,學歷要求,薪資區間
130,25,135,5,0.30000000000000004,4,0
168,4,19,5,0.0,3,1
127,20,46,5,0.0,3,0
38,8000,76,5,0.0,4,0
114,24,78,5,0.30000000000000004,2,1
127,34,78,5,0.0,2,1
42,13,114,5,0.8,4,1
122,100,46,5,0.2,4,1
112,20,14,5,0.5,3,0
110,1000,121,5,0.0,4,2
127,0,14,5,0.2,3,1
34,70,172,5,0.0,5,0
122,40,46,5,0.6000000000000001,4,1
42,13,114,5,0.8,4,1
130,250,127,5,0.1,2,0
127,110,19,5,0.0,4,1
138,20,25,5,0.0,4,1
16,8,172,5,0.0,3,0
61,25,151,5,0.2,4,1
139,189,22,5,0.30000000000000004,4,1
12,45,108,5,0.4,4,0
28,40,39,5,0.6000000000000001,5,0
130,138,130,5,0.1,4,1
26,40,66,5,0.0,5,1
157,0,166,5,0.4,4,0
138,40,141,5,0.8,5,2
35,0,78,5,0.6000000000000001,4,1
107,0,92,5,0.0,3,0
173,40,104,5,0.0,4,0
28,0,120,5,0.4,3,0
127,0,39,5,0.4,5,0
31,3200,160,5,0.0,4,1
38,8000,76,5,0.0,4,0
112,20,14,5,0.5,3,0
13,3600,118,5,0.1,4,0
165,60,114,5,0.1,3,2
28,100,1,5,0.30000000000000004,5,1
159,0,108,5,0.30000000000000004,4,1
79,0,78,5,0.4,2,0
12,0,173,5,0.7000000000000001,5,0
122,40,46,5,0.4,4,1
34,110,76,5,0.6000000000000001,3,1
132,15,75,5,0.1,3,2
111,250,146,5,0.0,4,1
141,260,78,5,0.6000000000000001,5,2
105,0,37,5,0.0,4,1
114,30,39,5,0.0,3,0
120,40,39,5,0.30000000000000004,3,0
141,120,114,5,0.30000000000000004,5,0
64,0,26,5,0.30000000000000004,5,2
105,20,116,5,0.0,4,1
12,100,145,5,0.30000000000000004,4,1
106,110,171,5,0.0,5,0
52,0,78,5,0.0,5,0
28,75,106,5,0.30000000000000004,5,1
105,55,127,5,0.0,4,1
34,0,76,5,0.6000000000000001,4,0
49,60,42,5,1.0,5,2
32,20,76,5,0.0,3,0
33,0,140,5,0.0,3,1
111,120,164,5,0.30000000000000004,4,1
117,3500,46,5,0.0,4,1
35,1000,34,5,0.1,5,1
12,21,21,5,0.0,5,1
60,12,130,5,0.30000000000000004,5,2
144,180,19,5,0.30000000000000004,3,1
130,170,38,5,0.2,4,0
178,15,42,5,0.1,5,2
35,30,172,5,0.0,5,1
28,120,78,5,0.0,3,1
17,69,25,5,0.4,3,1
110,35,116,5,0.0,5,1
105,130,37,5,0.2,4,0
56,1300,46,5,0.0,3,0
105,8,78,5,0.30000000000000004,5,1
122,15,19,5,0.0,3,0
126,1100,48,5,0.30000000000000004,4,1
122,30,51,5,0.30000000000000004,1,0
106,180,172,5,1.0,4,2
40,20,121,5,0.0,5,0
94,90,37,5,0.0,3,1
122,150,173,5,0.6000000000000001,5,0
135,38,46,5,0.0,3,0
127,15,42,5,0.0,3,1
12,250,102,5,0.30000000000000004,3,0
107,35,43,5,0.0,4,0
130,25,114,5,0.5,5,1
104,90,39,5,0.2,5,2
35,90,172,5,0.8,4,2
114,0,48,5,0.1,4,1
42,10,38,5,0.30000000000000004,4,0
130,50,172,5,0.7000000000000001,5,1
13,120,114,5,0.0,5,0
141,75,53,5,0.5,5,0
141,40,81,5,0.0,4,1
122,10,39,5,0.0,3,1
12,400,51,5,0.6000000000000001,4,1
127,25,173,5,0.9,5,1
112,13,172,5,0.6000000000000001,3,1
56,80,46,5,0.0,3,1
130,0,39,5,0.7000000000000001,5,0
122,150,127,5,0.2,3,1
32,60,173,5,0.4,4,2
116,35,39,18,0.0,3,0
33,180,173,18,0.0,5,1
35,200,173,18,0.0,4,2
109,120,166,18,0.6000000000000001,3,2
28,0,173,18,0.30000000000000004,3,0
110,188,14,18,0.2,5,1
136,20,172,18,0.5,4,0
35,200,173,18,0.30000000000000004,4,0
34,100,42,18,0.7000000000000001,5,2
111,35,173,18,0.5,4,1
35,200,173,18,0.0,5,2
105,70,172,18,0.4,3,2
35,20,173,18,0.0,5,2
127,0,69,18,0.1,5,2
168,0,127,18,0.2,3,0
35,200,173,18,0.30000000000000004,5,1
40,30,173,18,0.6000000000000001,4,2
42,7,173,18,0.30000000000000004,5,1
168,10,127,18,0.1,4,0
9,7,42,18,0.0,5,1
33,45,173,18,0.4,4,2
35,200,173,18,0.30000000000000004,5,2
106,8,127,18,0.2,3,1
116,13000,173,18,0.1,5,0
28,12,61,18,0.4,4,0
150,0,127,18,1.0,5,1
40,15,35,18,0.2,5,2
9,7,42,18,0.0,5,0
130,170,127,18,0.6000000000000001,4,1
115,0,173,18,0.7000000000000001,3,0
106,0,173,18,0.0,5,2
37,0,69,18,0.0,5,2
35,80,120,18,0.0,5,2
109,200,87,18,0.4,3,0
42,0,173,18,0.7000000000000001,5,2
39,20,173,18,0.0,3,0
15,45,78,18,0.4,4,2
56,50,172,18,0.30000000000000004,3,1
48,0,171,18,0.4,3,0
42,0,42,18,1.0,4,1
116,98,172,18,0.30000000000000004,3,1
28,30,121,18,0.6000000000000001,4,1
42,60,173,18,0.0,5,0
32,48,173,18,0.1,5,0
130,0,42,18,0.30000000000000004,5,1
163,3000,31,18,0.1,4,1
136,20,172,18,0.6000000000000001,4,1
35,115,148,18,0.0,4,1
10,500,182,18,0.0,4,1
33,0,173,18,0.0,5,1
106,13,173,18,0.5,3,0
134,150,39,18,0.30000000000000004,3,2
127,20,0,18,0.1,5,2
107,3600,96,18,0.4,3,2
32,8,173,18,0.4,5,2
35,30,42,18,0.7000000000000001,4,1
141,0,173,18,0.7000000000000001,5,2
33,3583,182,18,0.0,5,2
122,150,173,18,1.0,5,0
124,0,14,18,0.30000000000000004,5,2
32,250,173,18,0.2,5,0
111,0,166,18,0.7000000000000001,5,1
35,200,173,18,0.0,4,2
34,20,173,18,0.0,5,2
32,48,42,18,0.4,5,2
126,40,19,18,0.5,5,2
43,40,173,18,0.8,5,1
109,95,151,18,0.2,4,1
56,13000,173,18,0.0,5,0
112,20,173,18,0.0,4,0
122,13000,173,18,0.0,5,0
136,25,173,18,0.6000000000000001,3,2
116,130,102,18,0.30000000000000004,5,1
53,5,173,18,0.2,5,0
35,20,173,18,0.0,5,2
160,40,155,12,0.0,5,0
127,330,19,12,0.0,3,0
106,30,172,12,0.6000000000000001,5,0
136,0,173,12,0.0,5,2
116,50,105,12,0.30000000000000004,5,2
122,1000,46,12,0.4,4,2
122,0,46,12,0.7000000000000001,5,2
56,70,39,12,0.0,3,1
110,19,146,12,0.0,5,2
16,0,3,12,0.0,4,2
122,70,19,12,0.0,5,1
139,70,53,12,0.0,5,0
140,0,171,12,0.4,5,1
4,0,149,12,0.0,5,0
35,77,173,12,0.0,3,1
28,0,173,12,0.7000000000000001,3,0
141,22,172,12,0.30000000000000004,3,1
84,1400,51,12,0.30000000000000004,3,0
40,0,70,12,0.0,5,0
35,90,172,12,0.0,3,0
105,40,127,12,0.0,5,2
36,0,13,12,0.0,3,0
159,80,27,12,0.5,2,1
172,8,148,12,0.5,4,0
126,299,171,12,0.0,4,1
32,600,155,12,0.0,3,0
172,8,148,12,0.5,4,2
36,0,171,12,0.0,4,0
37,0,3,12,0.0,4,1
122,0,39,12,0.6000000000000001,4,2
164,400,34,12,0.0,4,0
35,350,46,12,0.30000000000000004,3,1
11,2900,149,12,0.0,4,0
116,13,168,12,0.8,5,1
157,0,70,12,0.30000000000000004,5,1
176,0,105,12,0.0,4,0
35,45,39,12,0.2,4,0
28,3,70,12,0.0,5,0
105,15,42,12,0.0,5,1
130,40,171,12,0.0,5,1
27,0,111,12,0.0,3,0
105,73,105,12,0.4,4,1
34,0,129,12,0.0,3,0
127,3200,171,12,0.0,4,0
64,180,149,12,0.1,5,1
106,70,105,12,0.1,4,2
110,580,171,12,0.0,5,0
28,160,39,12,0.6000000000000001,4,1
28,60,25,11,0.2,5,0
160,85,145,11,0.2,4,1
69,280,151,11,0.2,5,0
108,10,166,11,0.30000000000000004,3,1
109,95,151,11,0.0,3,1
175,480,127,11,0.0,3,0
116,0,66,11,0.0,4,1
28,127,151,11,0.0,5,0
12,235,127,11,0.5,3,0
126,30,166,11,0.2,2,1
2,50,127,11,0.7000000000000001,4,0
17,100,166,11,0.0,3,0
28,250,166,11,0.4,5,0
130,15,93,11,0.2,3,2
130,1300,166,11,0.2,3,0
130,1300,166,11,0.0,4,0
61,50,25,11,0.6000000000000001,4,1
51,150,25,11,0.0,5,0
141,140,40,11,0.0,1,0
141,41,78,11,0.0,3,1
51,30,25,11,0.0,1,0
25,50,66,11,0.30000000000000004,5,1
111,20,166,11,0.2,3,2
160,30,166,11,0.0,3,1
116,180,127,11,0.5,4,1
25,100,166,11,0.0,3,0
25,0,92,11,0.0,5,0
61,60,145,11,0.30000000000000004,5,0
38,80,66,11,0.2,5,1
27,0,25,11,0.6000000000000001,3,1
29,75,166,11,0.0,5,1
159,180,127,11,0.4,4,1
111,28,166,11,0.0,5,1
138,180,66,11,0.0,5,0
91,30,66,11,0.0,5,0
35,35,120,11,0.30000000000000004,3,1
12,25,66,11,0.0,5,0
103,140,3,11,0.0,5,2
141,12000,136,11,0.30000000000000004,3,1
69,280,151,11,0.5,5,0
25,50,66,11,0.5,4,0
12,100,145,11,0.30000000000000004,4,1
141,0,66,11,0.30000000000000004,4,0
29,25,25,11,0.4,5,0
130,1400,102,11,0.0,4,2
138,45,127,11,0.2,5,0
64,280,151,11,0.0,3,0
26,40,66,11,0.0,5,1
26,700,66,11,0.1,3,0
122,0,145,11,0.0,5,1
131,25,116,11,0.0,3,0
26,700,66,11,0.0,1,0
130,1300,166,11,0.2,3,1
26,24,66,11,0.0,3,1
141,15,166,11,0.0,5,1
93,85,66,11,0.0,5,0
18,50,166,11,0.0,5,0
27,11,166,11,0.30000000000000004,3,0
127,15,151,11,0.7000000000000001,4,2
67,50,166,11,0.0,2,0
16,72,25,11,0.0,3,0
28,330,145,11,0.0,3,0
92,16,25,11,0.2,3,0
25,50,66,11,0.30000000000000004,3,1
37,480,127,11,0.4,4,1
140,22,166,11,0.0,5,0
12,0,166,11,0.0,5,0
160,0,66,11,0.0,5,0
130,1400,102,11,0.5,4,0
141,0,66,11,0.0,5,1
28,60,66,11,0.5,3,1
21,30,66,11,0.4,5,1
25,50,66,11,0.5,4,0
141,70,127,11,0.0,4,0
18,30,25,11,0.0,3,0
108,97,25,11,0.0,5,0
67,0,34,11,0.0,5,0
51,40,145,11,0.30000000000000004,4,0
130,1400,102,11,0.0,4,0
54,45,166,11,0.5,2,1
176,20,27,11,0.5,5,1
25,0,92,11,0.0,5,0
172,1300,166,11,0.1,3,1
162,0,145,11,0.0,3,1
151,8,92,11,0.4,5,0
26,40,66,11,0.0,3,1
13,900,66,11,0.30000000000000004,4,1
25,25,92,11,0.0,4,0
28,330,145,11,0.30000000000000004,3,0
138,30,166,11,0.2,3,1
130,1300,166,11,0.0,3,0
105,150,34,11,0.2,3,0
130,1300,166,11,0.1,3,0
157,15,160,11,0.0,4,0
28,180,166,11,0.2,4,0
13,900,66,11,0.6000000000000001,4,1
107,20,166,11,0.1,2,0
69,280,151,11,0.30000000000000004,3,0
91,10,151,11,0.0,3,0
56,90,66,11,0.0,5,0
7,180,66,11,0.0,4,0
18,35,66,11,0.0,5,1
141,0,66,11,0.0,4,0
13,900,66,11,0.2,4,1
30,60,66,11,0.30000000000000004,5,1
61,180,66,11,0.30000000000000004,4,1
30,50,66,11,0.0,3,0
60,0,34,11,0.0,5,0
51,150,25,11,0.0,5,0
17,16,166,11,0.2,4,2
109,95,151,11,0.2,4,1
160,60,25,11,0.0,2,0
163,280,151,11,0.2,2,1
93,85,66,11,0.8,5,1
160,0,66,11,0.0,5,0
141,750,66,11,0.0,4,0
61,0,34,11,0.0,5,0
24,25,166,11,0.0,3,0
25,50,66,11,0.6000000000000001,4,1
20,40,66,11,0.6000000000000001,3,0
160,100,160,11,0.4,4,0
105,30,166,11,0.2,4,1
141,120,25,11,0.0,3,0
26,50,166,11,0.0,5,0
122,80,77,11,0.0,2,0
141,30,166,11,0.0,3,1
18,50,166,11,0.30000000000000004,5,1
51,40,145,11,0.30000000000000004,3,0
172,50,25,11,0.0,3,0
66,65,66,11,0.0,2,1
126,200,45,11,0.0,3,0
56,90,66,11,0.2,5,0
26,14,166,11,0.0,3,0
45,80,66,11,0.0,3,0
130,1300,166,11,0.0,3,1
86,30,166,11,0.0,3,1
26,0,25,11,0.2,5,1
141,2500,166,11,0.4,5,1
138,13,34,11,0.0,5,1
14,200,145,11,0.4,5,0
17,180,151,11,0.0,5,0
171,200,66,11,0.0,5,0
131,30,127,11,0.2,3,1
133,3,127,19,0.0,3,1
56,70,19,19,0.0,4,1
159,30,166,19,0.5,4,2
157,21,115,19,0.0,5,1
61,0,127,19,0.0,3,0
173,700,166,19,0.4,4,0
141,5,127,19,0.0,3,1
42,13,114,19,0.8,4,1
114,0,127,19,0.1,3,2
112,35,127,19,0.0,5,1
42,13,114,19,0.8,4,1
49,700,166,19,0.0,4,1
157,110,171,19,0.0,5,0
140,1400,102,19,0.30000000000000004,4,0
163,3000,31,19,0.0,3,1
137,400,162,19,0.2,3,1
141,12000,136,19,0.30000000000000004,3,1
111,700,166,19,0.0,3,0
56,12,127,19,0.0,5,1
139,230,166,19,0.0,3,0
37,1600,166,19,0.0,4,2
157,110,171,19,0.0,5,0
76,65,25,19,0.0,3,0
141,90,53,19,0.2,3,1
56,50,25,19,0.1,3,1
114,0,166,19,0.0,3,1
106,18,120,19,0.0,3,0
37,700,166,19,0.5,3,0
128,250,162,19,0.2,3,0
178,0,111,19,0.4,5,0
137,700,166,19,0.0,3,1
12,400,51,19,0.6000000000000001,4,1
90,100,149,19,0.0,5,1
163,170,32,19,0.0,5,1
140,1400,102,19,0.30000000000000004,4,1
172,2800,160,19,0.0,4,0
111,700,166,19,0.30000000000000004,3,0
77,50,27,19,0.0,2,0
112,35,127,19,0.0,5,1
137,700,166,19,0.1,3,0
114,10,166,19,0.0,3,0
132,4000,166,19,0.30000000000000004,5,1
37,1600,166,19,0.30000000000000004,4,1
157,30,166,19,0.0,3,0
32,25,127,19,0.0,5,0
175,30,166,19,0.0,5,0
139,1600,166,19,0.0,4,1
94,250,119,19,0.0,3,1
56,50,25,19,0.0,3,1
51,50,178,19,0.0,5,0
13,4000,166,19,0.0,5,2
163,0,114,19,0.0,5,0
159,30,166,19,0.8,5,1
114,3,127,19,0.4,3,0
40,20,165,19,0.5,5,2
51,0,114,19,0.5,3,0
47,4,165,19,0.5,4,1
17,700,166,19,0.0,4,1
25,40,166,19,0.0,3,0
118,60,39,19,0.0,3,1
174,4000,166,19,0.0,5,2
31,80,165,19,0.0,3,0
21,50,13,19,0.6000000000000001,5,0
138,13,34,19,0.0,5,1
176,30,166,19,0.8,4,1
61,0,161,19,0.0,4,1
173,700,166,19,0.30000000000000004,3,0
141,120,25,19,0.0,4,0
152,70,38,19,0.30000000000000004,4,1
106,42,166,19,0.0,4,0
100,0,166,19,0.0,4,1
49,70,25,19,0.0,5,1
159,30,166,19,0.8,3,1
137,700,166,19,0.30000000000000004,3,0
132,4000,166,19,0.30000000000000004,5,1
37,2500,166,19,0.0,4,1
61,0,127,19,0.0,3,0
2,320,160,19,0.0,4,1
126,4000,166,19,0.30000000000000004,4,1
159,350,114,19,0.0,2,1
37,2500,166,19,0.30000000000000004,5,0
140,2500,166,19,0.2,4,1
159,30,166,19,0.4,4,1
130,138,130,19,0.0,3,1
160,200,145,19,0.30000000000000004,5,0
140,13,14,19,0.2,5,1
126,4000,166,19,0.0,4,0
48,14,14,19,0.0,3,1
145,70,25,19,0.1,5,0
140,1400,102,19,0.30000000000000004,3,0
115,16,166,19,0.4,3,1
130,39,66,19,0.1,4,1
126,4000,166,19,0.0,4,1
156,120,166,19,0.0,3,0
140,1400,102,19,0.5,4,1
17,30,166,19,0.0,5,0
56,36,33,19,0.0,3,1
60,30,127,19,0.4,4,1
21,10000,25,19,0.0,3,1
138,40,34,19,0.0,5,1
36,200,145,19,0.30000000000000004,5,0
147,35,25,19,0.0,5,1
137,700,166,19,0.30000000000000004,3,0
114,0,166,19,0.2,5,1
28,28,120,19,0.0,4,1
38,4000,166,19,0.4,5,1
32,250,69,19,0.0,4,1
37,700,166,19,0.2,5,1
156,430,76,19,0.0,4,0
106,90,142,19,0.2,5,1
28,93,14,19,0.4,3,1
126,2500,166,19,0.2,3,0
111,75,145,19,0.2,5,1
49,25,127,19,0.0,3,0
160,0,66,19,0.0,5,0
111,700,166,19,0.0,4,1
108,280,12,19,0.0,3,1
111,700,166,19,0.2,3,0
36,48,166,19,0.1,3,0
140,1400,102,19,0.5,4,1
140,20,115,19,0.1,5,2
136,20,76,19,0.0,5,1
111,700,166,19,0.0,4,0
94,35,114,19,0.2,3,0
161,1900,118,19,0.1,3,0
10,10,168,19,0.4,3,1
140,1400,102,19,0.2,4,1
109,30,114,19,0.0,1,0
139,97,53,3,0.0,5,2
99,480,45,3,0.0,3,1
130,50,18,3,0.6000000000000001,5,1
163,1000,50,3,0.0,5,1
157,60,166,3,0.1,5,2
170,480,45,3,0.0,3,1
122,150,127,3,0.30000000000000004,4,1
139,200,50,3,0.0,4,2
159,5000,45,3,0.0,3,0
162,1000,50,3,0.0,5,1
170,480,45,3,0.1,3,0
132,1250,45,3,0.0,3,0
139,1250,45,3,0.0,3,0
168,13,75,3,0.0,5,0
136,35,135,3,0.0,2,1
170,480,45,3,0.0,4,1
12,400,45,3,0.0,4,0
28,36,116,3,0.0,4,1
170,480,45,3,0.0,3,1
51,150,127,3,0.30000000000000004,4,1
21,680,18,3,0.0,5,1
49,400,45,3,0.0,3,1
99,480,45,3,0.0,3,1
49,400,45,3,0.0,2,0
170,480,45,3,0.0,5,1
167,5000,45,3,0.0,3,0
167,300,27,3,0.0,3,0
40,75,73,3,0.8,3,0
167,220,45,3,0.4,5,1
134,20,44,3,0.2,4,2
142,200,44,3,0.0,1,0
138,140,45,3,0.0,5,1
147,700,53,3,0.4,4,0
157,390,53,3,0.30000000000000004,4,0
170,480,45,3,0.0,4,1
118,13,148,3,0.30000000000000004,3,0
34,20,179,3,0.0,4,1
142,200,44,3,0.30000000000000004,1,0
147,200,44,3,0.30000000000000004,5,0
59,400,45,3,0.0,3,0
138,35,27,3,0.4,4,0
122,40,14,3,0.4,4,0
99,480,45,3,0.0,3,1
115,0,69,3,0.0,5,1
170,480,45,3,0.0,3,1
162,700,50,3,0.0,4,1
64,20,44,3,0.30000000000000004,4,1
163,0,54,3,0.0,5,0
83,20,18,3,0.0,5,2
147,200,44,3,0.0,3,0
147,30,116,3,0.30000000000000004,5,2
126,32,45,3,0.30000000000000004,3,0
170,480,45,3,0.2,4,0
152,135000,175,3,0.0,5,0
138,900,133,3,0.0,4,1
37,680,18,3,0.1,5,0
42,60,121,3,0.4,5,0
147,200,44,3,0.5,3,1
38,0,3,3,0.0,4,1
114,11671,53,3,0.0,4,1
164,17,45,3,0.4,4,1
167,300,27,3,0.0,3,0
155,20,25,3,0.0,5,0
167,1000,45,3,0.0,3,1
61,100,45,3,0.4,5,1
152,1000,50,3,0.4,5,1
29,300,155,3,0.4,3,2
135,38,46,3,0.0,3,0
36,0,44,3,0.0,4,1
59,400,45,3,0.0,3,0
144,200,14,3,0.0,4,0
54,100,50,3,0.0,4,0
162,1000,45,3,0.0,3,1
37,200,44,3,0.30000000000000004,5,1
77,400,45,3,0.30000000000000004,5,0
49,400,45,3,0.0,3,0
162,130,45,3,0.0,3,1
22,1500,175,3,0.0,4,0
71,80,45,3,0.2,4,0
35,20,148,3,0.0,3,0
157,0,14,3,0.4,5,2
122,200,46,3,0.30000000000000004,5,2
157,390,53,3,0.0,4,1
139,38,45,3,0.30000000000000004,3,1
34,0,42,3,0.0,5,1
35,50,69,3,0.4,5,1
139,1250,45,3,0.0,4,1
99,480,45,3,0.0,3,0
139,0,108,3,0.30000000000000004,5,0
167,300,27,3,0.1,4,1
157,5000,45,3,0.4,3,0
8,390,53,3,0.4,4,2
163,480,45,3,0.0,3,1
163,5000,45,3,0.0,3,0
99,50,44,3,0.0,5,0
137,55,99,3,0.0,4,1
139,133,45,3,0.0,5,1
126,120,45,3,0.0,3,0
167,5000,45,3,0.0,3,0
83,50,151,3,0.30000000000000004,5,2
125,11,127,3,0.1,3,0
139,1250,45,3,0.0,3,0
28,48,18,3,0.0,3,1
163,0,54,3,0.0,3,0
125,180,34,3,0.0,5,2
164,34,45,3,0.0,5,0
21,50,44,3,0.0,2,0
134,50,108,3,0.0,3,0
170,480,45,3,0.0,3,1
163,480,45,3,0.0,3,1
58,300,27,3,0.0,3,0
138,200,45,3,0.30000000000000004,4,1
18,12,179,14,0.2,3,2
122,8,147,14,0.0,5,2
33,9,70,14,0.1,3,1
112,150,70,14,0.30000000000000004,5,0
28,12,42,14,0.6000000000000001,3,0
43,10,70,14,0.4,5,1
28,12,42,14,0.6000000000000001,3,0
111,15,120,14,0.30000000000000004,5,0
33,30,70,14,0.2,5,1
20,40,66,14,0.6000000000000001,3,0
39,25,121,14,0.30000000000000004,4,0
40,200,177,14,0.4,5,0
42,20,1,14,0.9,5,0
15,80,182,14,0.6000000000000001,5,0
40,20,70,14,0.30000000000000004,3,0
42,43,87,14,0.30000000000000004,3,0
34,100,121,14,0.30000000000000004,5,1
9,15,70,14,0.5,5,2
137,40,150,14,0.0,5,0
32,0,70,14,0.30000000000000004,3,0
110,10,70,14,0.30000000000000004,4,0
122,40,70,14,0.0,4,1
32,60,70,14,0.6000000000000001,4,0
127,0,76,14,0.0,4,0
105,12,173,14,0.4,3,0
28,0,179,14,0.2,3,1
33,13,121,14,0.4,5,2
47,0,111,14,0.0,5,2
116,130,178,14,0.0,4,0
42,20,121,14,1.0,4,0
123,120,46,14,0.30000000000000004,3,0
10,30,70,14,0.0,4,2
28,0,70,14,0.1,5,1
44,11,70,14,0.1,5,1
40,50,80,14,0.0,5,1
39,32,173,14,0.0,5,1
39,5,36,14,0.5,3,0
42,220,134,14,0.5,4,1
27,0,70,14,0.0,3,0
35,40,120,14,0.0,3,1
32,12,70,14,0.4,5,0
39,8,179,14,0.30000000000000004,3,1
32,500,84,14,0.6000000000000001,5,1
39,14,121,14,0.30000000000000004,3,0
112,12,134,14,0.2,5,0
112,0,55,14,0.0,5,0
27,9,55,14,0.0,5,0
145,0,178,14,0.2,5,0
27,0,70,14,0.2,4,1
35,80,172,14,0.0,3,0
130,125,65,14,0.0,5,0
113,0,111,14,0.8,5,1
130,123,70,14,0.0,5,0
138,120,74,14,0.5,3,0
27,0,173,14,0.30000000000000004,5,0
175,10,70,14,0.0,5,1
35,20,177,14,0.0,5,2
5,46,166,14,0.4,4,0
40,9,23,14,0.30000000000000004,5,0
111,17,169,14,0.30000000000000004,4,1
37,50,70,14,0.4,3,1
39,8,179,14,0.30000000000000004,3,1
32,10,70,14,0.4,5,0
33,30,139,14,0.5,5,2
127,5,69,14,0.2,5,0
156,10,70,14,0.1,5,2
18,50,102,14,0.4,3,0
51,0,21,14,0.30000000000000004,4,0
42,30,177,14,1.0,5,1
42,200,171,14,0.0,4,1
110,8,120,14,0.8,4,1
42,13,42,14,0.0,5,0
58,12,70,14,0.4,5,0
39,8,179,14,0.30000000000000004,3,1
111,11,70,14,0.1,5,1
116,0,70,14,0.2,3,0
165,0,127,14,0.4,2,1
32,50,6,14,0.30000000000000004,5,1
157,50,102,14,0.30000000000000004,3,0
32,7,24,14,0.0,5,0
32,160,84,14,0.0,4,0
32,10,120,14,0.0,5,2
33,12,67,14,0.5,4,1
118,9,70,14,0.30000000000000004,5,0
137,40,150,14,0.0,5,0
130,120,37,14,0.5,5,1
112,8,147,14,0.5,4,0
35,29,139,14,0.0,3,0
106,8,120,14,0.1,5,1
106,15,70,14,0.4,5,0
33,9,70,14,0.0,3,0
32,9,147,14,0.0,5,0
39,25,121,14,0.30000000000000004,4,0
27,0,121,14,0.1,4,1
32,25,70,14,0.4,5,1
12,25,39,14,0.8,5,0
10,4,135,14,0.8,5,0
39,8,179,14,0.30000000000000004,3,1
37,50,70,14,0.0,5,2
173,20,35,14,0.0,3,1
32,10,69,14,0.30000000000000004,5,1
34,20,1,14,0.5,4,1
40,15,143,14,0.0,4,1
111,11,70,14,0.30000000000000004,5,0
35,138,21,14,0.4,5,0
40,200,70,14,0.4,5,1
42,34,14,14,0.4,5,1
28,10,21,14,0.30000000000000004,4,1
27,40,70,14,0.5,5,1
28,0,179,14,0.0,4,1
33,35,36,14,0.6000000000000001,5,2
33,15,82,10,0.0,5,0
94,8,99,10,0.4,5,1
37,0,121,10,0.0,4,0
111,20,53,10,0.4,5,0
96,0,118,10,0.0,5,0
34,30,173,10,0.5,4,0
105,3,178,10,0.30000000000000004,5,0
25,0,153,10,0.1,5,1
42,10,148,10,0.30000000000000004,5,2
39,5,92,10,0.7000000000000001,4,2
131,20,173,10,0.8,2,0
111,30,127,10,0.4,5,1
105,7,63,10,0.5,3,0
112,38,120,10,0.1,5,0
136,300,141,10,0.0,5,0
105,55,62,10,0.0,5,2
141,40,20,10,0.0,5,1
127,7,19,10,0.4,4,1
105,20,106,10,0.2,3,1
42,20,36,10,0.0,5,0
114,60,40,10,0.2,5,1
32,0,139,10,0.4,4,0
105,5,116,10,0.5,4,0
32,100,12,10,0.30000000000000004,5,1
42,60,173,10,0.4,4,0
28,0,181,10,0.0,5,1
165,0,35,10,0.0,5,2
118,0,21,10,0.7000000000000001,5,0
36,10,21,10,0.0,3,0
114,30,151,10,0.30000000000000004,3,0
34,0,120,10,0.0,5,0
120,12,134,10,0.4,5,0
113,0,111,10,0.0,5,2
35,45,121,10,0.4,3,0
106,65,39,10,0.6000000000000001,4,0
17,0,39,10,0.5,3,0
48,14,14,10,0.4,4,0
116,0,96,10,0.0,3,1
116,0,33,10,0.4,5,0
28,100,182,10,0.6000000000000001,4,0
101,20,34,10,0.0,5,0
106,45,102,10,0.4,5,0
136,200,5,10,0.0,5,2
12,0,28,10,0.8,5,1
109,120,34,10,0.5,3,0
178,15,138,10,0.30000000000000004,5,2
109,0,179,10,0.0,5,1
106,50,105,10,0.6000000000000001,3,0
110,30,87,10,0.4,3,0
165,30,120,10,0.5,5,0
138,24,120,10,0.5,3,0
28,25,33,10,0.30000000000000004,5,0
106,98,166,10,0.4,3,0
39,0,5,10,0.0,5,2
101,20,53,10,0.2,5,0
35,22,148,10,0.0,3,0
32,800,158,10,0.0,4,0
136,175,9,10,0.0,5,1
159,15,45,10,0.0,3,0
138,0,120,10,0.2,3,0
122,0,37,10,0.30000000000000004,3,0
122,20,42,10,0.9,3,1
110,30,39,10,0.0,5,1
33,6,35,10,0.0,5,2
106,30,39,10,0.5,3,0
21,27,27,10,0.7000000000000001,3,0
105,40,29,10,0.4,5,1
141,30,148,10,0.30000000000000004,4,1
35,12,46,10,0.0,3,0
35,0,105,10,0.0,3,2
116,110,33,10,0.30000000000000004,2,0
35,12,120,10,0.0,5,1
35,0,121,10,0.0,4,1
28,200,166,10,0.0,4,1
34,10,1,10,0.30000000000000004,4,2
178,50,78,10,0.30000000000000004,3,0
102,12,45,10,0.0,1,0
106,0,63,10,0.5,3,1
33,30,177,10,0.4,3,0
62,100,179,10,0.30000000000000004,2,0
165,162,116,10,0.0,5,1
127,20,120,10,0.2,5,1
156,0,35,10,0.0,5,2
124,10,19,10,0.2,2,1
27,20,33,10,0.5,4,0
82,0,35,10,0.0,5,2
106,24,109,10,0.30000000000000004,3,0
88,20,64,10,0.0,4,0
109,800,39,10,0.30000000000000004,3,0
34,120,42,10,0.4,3,0
35,28,19,10,0.0,4,0
136,0,114,10,0.2,5,1
71,0,167,10,0.1,5,0
42,10,148,10,0.4,5,1
69,0,148,10,0.30000000000000004,5,0
107,3000,105,10,0.30000000000000004,5,0
18,30,145,10,0.0,4,0
42,20,154,10,0.30000000000000004,5,1
118,28,81,10,0.4,5,0
105,50,148,10,0.4,4,0
178,11,172,10,0.4,4,2
109,0,92,10,0.1,3,0
35,0,178,10,0.30000000000000004,4,0
106,10,47,10,0.6000000000000001,3,0
122,50,19,10,0.9,4,0
39,10,70,10,0.5,3,0
61,0,92,10,0.4,5,0
11,0,35,10,0.0,5,2
138,450,102,10,0.30000000000000004,5,0
17,10,74,10,0.0,0,2
35,10,165,10,0.30000000000000004,5,0
28,0,34,10,0.30000000000000004,5,0
34,35,173,10,0.4,3,0
110,18,39,10,0.0,3,0
117,20,134,10,0.30000000000000004,3,0
28,141,108,10,0.4,3,1
106,50,108,10,0.30000000000000004,4,0
139,0,47,10,0.4,5,0
33,50,120,10,0.4,3,0
127,15,179,10,0.0,5,2
110,0,105,10,0.4,3,0
24,30,148,10,0.30000000000000004,4,0
115,0,34,10,0.30000000000000004,3,0
136,120,120,10,0.4,5,0
109,10,19,10,0.0,5,0
116,0,119,10,0.4,5,1
113,30,34,10,0.2,3,0
32,25,140,10,0.0,5,1
99,260,166,10,0.4,3,0
28,0,21,10,0.0,4,0
32,5,39,10,0.1,4,1
176,0,36,10,0.0,5,0
92,140,181,10,0.2,3,0
146,15,47,10,0.2,3,0
39,20,36,10,0.0,5,0
106,35,70,10,0.30000000000000004,3,0
114,40,105,10,0.4,5,0
113,50,1,10,0.30000000000000004,1,0
117,30,39,10,0.6000000000000001,3,0
35,159,173,10,0.2,3,0
121,95,40,10,0.5,4,1
28,144,21,10,0.0,3,0
111,30,133,10,0.30000000000000004,5,0
12,35,74,10,0.4,5,0
122,5,88,17,0.4,3,0
27,0,78,17,0.0,4,1
54,40,159,17,0.4,5,0
163,209,8,17,0.0,5,1
42,20,61,17,0.1,3,1
127,0,0,17,0.1,5,1
42,32,178,17,0.0,4,1
61,46,25,17,0.5,5,0
105,120,168,17,0.5,5,2
35,11,173,17,0.0,5,1
35,200,39,17,0.1,5,2
32,10,23,17,0.0,5,2
80,45,108,17,0.1,4,0
126,3300,112,17,0.0,4,1
33,267,158,17,0.0,5,2
9,99,108,17,0.0,5,0
114,86,166,17,0.0,5,2
105,0,171,17,0.0,4,0
113,0,1,17,0.0,5,1
10,0,60,17,0.5,4,2
122,10,121,17,0.2,4,2
106,29,92,17,0.7000000000000001,3,0
42,0,79,17,0.2,4,1
50,25,60,17,0.2,5,0
143,38,39,17,0.6000000000000001,5,0
111,2100,182,17,0.2,3,2
32,86,172,17,0.5,3,1
153,45,14,17,0.6000000000000001,3,1
40,0,82,17,0.4,4,1
42,20,103,17,0.2,5,0
32,40,12,17,0.0,5,0
126,450,19,17,0.0,4,1
111,30,11,17,0.1,5,0
106,100,19,17,0.4,4,0
42,120,42,17,0.30000000000000004,4,1
35,0,172,17,0.30000000000000004,3,1
110,6,171,17,0.4,5,0
17,95,151,17,0.2,3,1
42,110,73,17,0.30000000000000004,5,0
110,84,112,17,0.5,5,1
28,42,25,17,0.1,3,0
34,5,173,17,0.4,5,1
138,20,120,17,0.1,3,1
75,0,52,17,0.0,5,1
28,130,173,17,0.0,5,1
35,155,172,17,0.5,4,0
106,40,78,17,0.0,3,2
110,68,30,17,0.0,5,1
105,600,164,17,0.0,4,0
34,1000,7,17,0.1,5,0
39,80,1,17,0.0,4,0
42,70,70,17,0.6000000000000001,3,1
55,60,53,17,0.7000000000000001,5,2
25,0,178,17,0.1,5,1
173,50,98,17,0.0,5,2
111,300,182,17,0.0,5,2
51,0,43,17,0.0,5,0
64,20,44,17,0.30000000000000004,3,0
41,15,173,17,0.0,5,2
115,60,132,17,0.2,5,2
138,100,140,17,0.30000000000000004,3,0
40,0,172,17,0.0,3,1
40,0,182,17,0.0,5,1
132,20,61,17,0.2,5,1
32,1100,110,17,0.0,4,0
111,40,39,17,0.1,4,1
33,20,121,17,0.0,5,1
28,15,128,17,0.2,3,0
132,90,151,17,0.4,4,1
12,8,120,17,0.0,5,0
39,0,169,17,0.4,5,2
33,0,123,17,0.0,5,1
107,30,122,17,0.1,5,2
165,200,182,17,0.1,5,0
34,190,78,17,0.30000000000000004,4,0
111,7,27,17,0.2,3,0
32,630,35,17,0.0,4,1
114,20,120,17,0.4,3,1
40,0,69,17,0.0,5,2
26,700,128,17,0.1,3,0
108,0,12,17,0.0,5,0
126,40,19,17,0.1,4,2
42,10,140,17,0.5,5,1
24,0,21,17,0.0,3,1
111,20,39,17,0.4,5,0
40,230,1,17,0.0,4,0
105,50,100,17,0.5,5,0
126,480,149,17,0.30000000000000004,4,1
106,40,11,9,0.2,3,1
27,0,78,9,0.0,4,1
35,50,45,9,0.2,3,2
131,9,120,9,0.5,3,0
122,20,100,9,0.0,5,1
122,20,39,9,0.0,3,1
40,0,36,9,0.30000000000000004,5,2
111,46,90,9,0.0,2,1
163,0,27,9,0.0,5,0
32,17,11,9,0.4,3,2
104,55,130,9,0.4,5,1
32,52,112,9,0.1,5,1
36,0,112,9,0.2,4,0
81,40,40,9,0.4,3,1
35,50,73,9,0.4,3,0
32,120,1,9,0.2,5,0
141,10,47,9,0.0,5,0
128,20,137,9,0.0,2,0
106,25,46,9,0.5,5,0
28,90,120,9,0.2,5,0
9,90,149,9,0.30000000000000004,4,0
109,7,75,9,0.5,5,0
12,30,177,9,0.5,3,1
117,0,120,9,0.2,3,0
34,0,1,9,0.1,5,1
138,20,78,9,0.5,3,1
122,20,78,9,0.30000000000000004,3,1
136,0,114,9,0.0,5,2
25,70,120,9,0.30000000000000004,4,1
34,100,42,9,0.0,3,1
25,0,178,9,0.0,5,1
117,15,114,9,0.30000000000000004,3,0
34,10,69,9,0.30000000000000004,3,1
112,34,76,9,0.6000000000000001,3,0
130,60,182,9,0.0,2,0
127,0,109,9,0.2,3,1
33,102,182,9,0.2,4,1
9,0,120,9,0.30000000000000004,4,1
176,7,144,9,0.2,5,0
116,0,109,9,0.1,5,1
2,25,180,9,0.1,5,1
24,0,53,9,0.7000000000000001,3,1
42,32,178,9,0.0,4,1
61,0,15,9,0.2,3,0
112,0,173,9,0.4,3,0
42,13,88,9,0.0,4,0
154,0,78,9,0.2,5,0
114,5,99,9,0.5,5,0
58,0,14,9,0.8,5,0
61,0,33,9,0.7000000000000001,5,0
10,15,70,9,0.1,4,0
141,140,40,9,0.0,1,0
32,15,140,9,0.0,3,0
178,20,88,9,0.0,5,0
40,0,78,9,0.30000000000000004,3,0
38,10,81,9,0.30000000000000004,3,0
122,0,91,9,0.1,5,1
106,0,171,9,0.0,5,0
32,20,120,9,0.0,3,0
48,90,108,9,0.6000000000000001,5,1
138,0,131,9,0.6000000000000001,5,0
94,180,133,9,0.0,3,0
61,130,149,9,0.2,3,0
99,350,152,9,0.2,3,0
112,40,24,9,0.7000000000000001,3,1
105,9,36,9,0.0,5,0
131,20,173,9,0.8,2,0
34,6,27,9,0.30000000000000004,5,1
105,200,39,9,0.1,5,2
107,30,34,9,0.1,3,0
61,0,69,9,0.4,3,0
12,18,44,9,0.5,2,0
35,120,41,9,0.0,3,1
35,40,42,9,0.30000000000000004,5,1
110,60,53,9,0.1,4,1
154,40,147,9,0.5,3,0
141,6,96,9,0.0,3,1
106,65,39,9,0.2,3,0
116,0,135,9,0.4,3,1
65,16,34,9,0.4,3,0
17,50,53,9,0.0,5,0
32,0,21,9,0.4,5,1
40,30,78,9,0.0,5,1
35,35,96,9,0.0,5,1
127,150,151,9,0.2,4,1
28,40,39,9,0.0,4,1
136,20,134,9,0.4,5,1
116,20,148,9,0.7000000000000001,4,1
34,25,173,9,0.30000000000000004,3,1
35,20,74,9,0.30000000000000004,2,1
99,5,120,9,0.30000000000000004,4,0
106,20,40,9,0.2,3,1
27,180,112,9,0.5,3,0
105,10,21,9,0.30000000000000004,5,0
113,0,1,9,0.0,3,0
117,0,39,9,0.4,3,0
106,20,135,9,0.0,5,1
94,50,160,9,0.30000000000000004,3,0
28,0,41,9,0.0,5,0
115,30,78,9,0.0,5,1
111,0,171,9,0.1,3,1
114,15,111,9,0.2,3,0
32,18,173,9,0.0,5,0
105,0,42,9,0.0,5,1
32,30,49,9,0.6000000000000001,4,1
126,40,19,9,0.0,4,1
38,130,105,9,0.30000000000000004,3,1
32,15,76,9,0.4,3,0
32,105,1,9,0.0,5,0
111,20,39,9,1.0,3,1
138,13,34,9,0.1,5,0
9,0,21,9,0.2,5,0
136,40,105,9,0.8,3,0
17,95,151,9,0.2,3,1
28,90,120,9,0.30000000000000004,5,0
143,0,60,9,0.0,5,0
68,0,78,9,0.0,5,0
23,0,26,9,0.0,5,0
20,40,166,9,0.6000000000000001,3,0
119,120,85,9,0.1,3,0
34,3500,1,1,0.2,4,2
110,20,36,1,0.1,3,0
34,100,173,1,0.5,4,0
128,103,46,1,0.30000000000000004,4,1
40,25,168,1,0.0,5,1
45,270,156,1,0.0,4,0
130,35,121,1,0.2,5,1
122,435,46,1,0.30000000000000004,4,0
12,1900,74,1,0.30000000000000004,5,0
112,50,138,1,0.0,5,0
34,0,182,1,0.30000000000000004,5,1
107,330,148,1,0.30000000000000004,4,0
137,20,168,1,0.1,4,0
107,200,176,1,0.5,3,1
32,20,120,1,0.0,5,1
32,100,182,1,0.30000000000000004,5,2
40,3500,1,1,0.4,4,2
35,115,148,1,0.0,4,1
35,40,120,1,0.0,5,1
136,1000,181,1,0.4,5,0
42,270,85,1,0.0,5,0
32,300,61,1,0.30000000000000004,4,0
140,30,51,1,0.4,4,1
109,30,144,1,0.30000000000000004,5,0
126,150,179,1,0.5,5,0
40,0,3,1,0.4,5,1
112,25,173,1,0.0,3,1
111,30,11,1,0.0,5,0
109,175,102,1,0.4,4,0
113,65,120,1,0.30000000000000004,4,1
134,600,136,1,0.4,3,0
112,30,70,1,0.30000000000000004,1,0
115,3500,1,1,0.0,4,2
93,4200,95,1,0.0,4,0
126,220,102,1,0.0,4,0
122,609,172,1,0.4,5,0
78,45,40,1,0.5,5,0
63,140,111,1,0.4,3,0
32,120,84,1,0.0,3,0
40,120,138,1,0.5,5,1
107,170,119,1,0.30000000000000004,4,0
33,0,6,1,0.30000000000000004,4,1
33,0,69,1,0.30000000000000004,3,0
127,0,147,1,0.2,5,0
42,33,120,1,0.30000000000000004,4,1
42,90,70,1,0.0,5,0
40,800,85,1,0.4,4,0
133,288,166,1,0.6000000000000001,3,0
169,1015,34,1,0.0,4,0
126,70,39,1,0.4,4,0
42,270,85,1,0.0,4,1
160,6,25,1,0.2,5,0
107,95,156,1,0.5,4,1
9,130,135,1,0.0,5,0
134,30,178,1,0.30000000000000004,5,0
132,0,85,1,0.4,5,0
109,100,35,1,0.0,5,0
122,20,78,1,0.0,3,0
126,208,111,1,0.0,5,1
10,300,81,1,0.2,3,0
12,10,14,1,0.0,5,0
125,1000,95,1,0.30000000000000004,4,0
116,28,33,1,0.0,3,1
35,30,167,1,0.0,5,1
12,50,36,1,0.30000000000000004,5,0
145,800,149,1,0.2,4,0
111,0,19,1,0.5,5,1
38,40,120,1,0.30000000000000004,3,1
116,50,19,1,0.4,5,1
35,1300,100,1,0.30000000000000004,3,0
6,250,85,1,0.30000000000000004,4,0
122,29,51,1,0.4,4,2
28,110,45,1,0.5,5,0
32,1000,110,1,0.2,5,1
143,170,40,1,0.30000000000000004,5,1
112,10,70,1,0.0,3,0
37,18,173,1,0.30000000000000004,4,0
9,60,78,1,0.0,5,0
22,30,86,1,0.0,3,0
106,7,135,1,0.4,5,0
136,50,180,1,0.30000000000000004,5,0
140,290,43,1,0.5,4,0
40,50,182,1,0.30000000000000004,5,0
18,160,53,1,0.7000000000000001,4,0
17,70,73,1,0.30000000000000004,4,1
110,0,111,1,0.30000000000000004,3,1
27,15,138,1,0.0,3,0
130,600,41,1,0.2,3,0
34,600,182,1,0.4,4,1
61,850,102,1,0.2,4,0
32,3600,137,1,0.0,4,0
109,179,114,1,0.2,4,0
34,40,36,1,0.0,4,0
116,70,120,1,0.30000000000000004,5,0
21,120,148,1,0.2,3,0
140,50,144,1,0.0,3,0
52,42,178,1,0.0,5,0
20,40,66,2,0.6000000000000001,3,0
127,5,69,2,0.2,5,0
9,15,179,2,0.5,5,1
40,8,70,2,0.0,5,0
126,28,97,2,1.0,4,0
42,70,70,2,0.0,5,1
130,25,135,2,0.0,5,0
34,10,1,2,0.4,3,0
35,15,132,2,0.2,4,0
176,15,70,2,0.30000000000000004,3,1
156,25,70,2,0.30000000000000004,5,0
138,10,120,2,0.5,3,1
110,5,69,2,0.0,3,1
25,10,70,2,0.0,5,0
164,30,74,2,0.4,3,1
40,1300,139,2,0.0,5,1
122,90,73,2,0.30000000000000004,4,2
110,8,120,2,0.8,4,1
106,0,70,2,0.5,5,0
27,6,69,2,0.6000000000000001,5,0
27,10,67,2,0.5,5,1
32,15,112,2,0.6000000000000001,3,0
35,80,111,2,0.30000000000000004,3,0
110,5,69,2,0.0,3,1
27,330,87,2,0.6000000000000001,3,0
136,0,61,2,0.5,4,0
156,0,55,2,0.4,3,0
176,50,114,2,0.0,5,0
28,15,70,2,0.30000000000000004,5,0
114,0,123,2,0.4,5,1
42,43,87,2,0.30000000000000004,3,0
107,10,55,2,0.30000000000000004,5,1
42,95,70,2,0.0,3,1
28,10,21,2,0.30000000000000004,4,1
10,0,78,2,0.0,3,0
34,100,177,2,0.0,3,0
40,20,73,2,0.6000000000000001,3,0
111,180,181,2,0.4,5,0
35,20,177,2,0.0,5,2
130,10,69,2,0.6000000000000001,4,0
11,0,121,2,0.0,5,0
25,30,34,2,0.6000000000000001,5,1
27,10,182,2,0.0,5,0
50,25,60,2,0.2,5,0
35,80,111,2,0.30000000000000004,3,0
35,206,41,2,0.5,4,0
32,0,57,2,0.4,3,1
111,9,94,2,0.6000000000000001,3,0
111,15,120,2,0.30000000000000004,5,0
35,138,21,2,0.4,5,0
33,9,61,2,0.0,5,1
110,300,182,2,0.0,5,1
136,40,137,2,0.2,3,1
40,0,40,2,0.0,5,2
164,10,70,2,0.7000000000000001,5,0
32,8,70,2,0.7000000000000001,5,0
40,5,138,2,0.2,5,0
40,6,24,2,0.9,3,0
67,0,6,2,0.4,5,0
112,6,55,2,0.6000000000000001,5,1
40,7,1,2,0.4,3,1
42,200,171,2,0.0,4,1
122,40,70,2,0.0,4,1
136,40,176,2,0.30000000000000004,5,0
27,50,124,2,0.0,3,0
64,5,47,2,0.0,5,0
33,15,121,2,0.5,3,0
18,12,179,2,0.2,3,2
40,30,123,2,1.0,3,0
106,500,173,2,0.4,4,1
32,40,117,2,0.0,3,1
34,50,70,2,0.4,5,0
10,30,21,2,0.0,5,0
32,0,67,2,0.30000000000000004,3,1
40,15,143,2,0.0,4,1
32,1600,5,2,0.0,5,0
34,30,173,2,0.30000000000000004,3,0
28,30,109,2,0.30000000000000004,4,1
12,3,33,2,0.0,5,0
122,3,70,2,0.0,5,0
35,10,67,2,0.8,3,0
40,6,84,2,0.4,3,1
173,9,69,2,0.0,5,0
140,10,132,2,0.30000000000000004,5,0
32,160,84,2,0.0,4,0
40,25,70,2,0.0,3,0
105,50,41,2,0.5,5,0
33,400,69,2,0.1,4,1
40,10,70,2,0.0,3,1
28,0,179,2,0.2,3,1
82,0,80,2,0.5,5,0
35,20,87,2,0.0,4,0
10,4,135,2,0.8,5,0
116,130,178,2,0.0,4,0
25,0,27,2,0.4,3,1
11,0,112,2,0.4,4,1
32,0,70,2,0.0,4,1
40,28,80,2,0.30000000000000004,5,0
107,10,27,2,0.0,5,1
32,150,178,2,0.5,5,1
73,50,182,2,0.4,5,0
110,0,138,2,0.0,5,1
166,13,21,2,0.2,5,0
37,200,55,2,0.1,5,1
39,0,70,2,0.4,5,1
42,30,135,2,0.0,3,0
9,32,177,2,0.4,5,0
34,100,121,2,0.30000000000000004,5,1
33,30,70,2,0.2,5,1
106,15,70,2,0.0,3,0
41,8,67,2,0.5,3,0
32,50,80,2,0.30000000000000004,4,1
9,21,121,2,0.4,3,1
32,9,61,2,0.0,3,1
105,70,182,2,0.30000000000000004,3,0
40,6,70,2,0.4,5,0
106,15,70,2,0.0,5,0
127,20,123,2,0.5,5,0
120,4,129,2,0.4,5,0
27,100,78,2,0.7000000000000001,5,0
10,12,138,2,0.5,5,1
28,80,152,2,0.30000000000000004,5,0
89,151,149,2,0.7000000000000001,5,1
136,0,171,2,0.30000000000000004,5,0
106,30,105,2,0.4,5,1
94,15,40,2,0.1,5,0
42,50,80,2,0.30000000000000004,5,2
27,0,173,2,0.30000000000000004,5,0
112,10,121,2,0.4,5,1
111,15,120,2,0.0,1,0
40,8,120,2,0.5,5,1
106,20,121,2,0.6000000000000001,2,2
28,0,42,0,0.2,3,1
35,0,70,0,0.30000000000000004,5,0
42,80,173,0,0.2,3,1
42,28,121,0,0.4,3,1
106,20,121,0,0.2,4,1
27,0,121,0,0.4,4,1
34,60,4,0,0.1,5,2
106,30,42,0,0.0,5,0
35,14,121,0,0.4,4,0
28,40,42,0,0.30000000000000004,5,1
10,30,21,0,0.4,5,0
169,60,173,0,0.7000000000000001,3,0
32,16,120,0,0.4,5,1
35,80,173,0,0.2,5,1
51,21,121,0,0.4,5,1
35,14,121,0,0.30000000000000004,5,0
34,0,121,0,0.4,5,0
35,100,173,0,0.5,5,0
159,92,121,0,0.1,4,0
35,99,55,0,0.0,5,1
28,0,172,0,0.0,5,0
42,20,173,0,0.4,4,1
9,10,70,0,0.4,5,1
25,70,120,0,0.8,5,0
58,30,24,0,0.30000000000000004,3,0
28,30,121,0,0.0,4,1
28,20,121,0,0.7000000000000001,3,1
33,20,173,0,0.0,5,0
35,30,173,0,0.0,5,2
105,500,36,0,0.6000000000000001,4,0
141,100,63,0,0.0,5,1
110,0,120,0,0.0,5,2
42,80,173,0,0.2,3,2
32,0,84,0,0.8,4,0
35,80,172,0,0.6000000000000001,5,1
42,0,67,0,0.30000000000000004,5,0
42,28,121,0,0.4,3,1
34,10,70,0,0.5,4,0
27,15,42,0,0.6000000000000001,5,1
40,15,173,0,0.0,5,2
37,10,55,0,0.6000000000000001,5,0
37,20,55,0,0.0,4,2
28,50,173,0,0.5,5,1
33,30,55,0,0.30000000000000004,3,0
159,0,173,0,0.5,5,0
166,14,121,0,0.4,4,0
36,0,171,0,0.0,4,0
17,70,73,0,0.2,3,0
34,20,179,0,0.5,4,1
28,6,173,0,0.0,5,0
34,50,173,0,0.0,5,2
159,90,173,0,0.8,4,0
27,20,179,0,0.4,5,1
42,30,173,0,0.4,4,1
116,130,178,0,0.2,4,0
40,15,11,0,0.0,5,0
156,230,80,0,0.0,4,1
46,0,126,0,0.0,5,0
109,39,173,0,0.0,5,0
10,50,14,0,0.2,5,0
42,30,173,0,0.1,3,2
116,20,42,0,0.30000000000000004,3,1
28,0,42,0,0.1,5,0
173,0,79,0,0.0,5,2
28,1200,46,0,0.30000000000000004,3,0
37,30,173,0,0.5,5,1
36,0,171,0,0.0,3,0
106,20,121,0,0.2,3,1
87,550,105,0,0.2,5,1
28,130,173,0,0.0,5,1
35,50,120,0,0.2,5,1
140,10,132,0,0.2,5,0
40,146,173,0,0.6000000000000001,5,1
122,0,109,0,0.4,5,1
32,15000,157,0,0.5,4,0
32,150,84,0,0.4,3,0
42,1500,139,0,0.0,4,1
37,0,121,0,0.0,5,2
10,0,149,0,0.0,3,0
35,80,172,0,0.0,5,0
130,10,120,0,0.4,5,0
105,20,36,0,0.2,4,1
12,15,172,0,0.1,5,0
106,500,173,0,0.4,5,1
42,35,70,0,0.4,5,1
106,8,67,0,0.5,5,1
178,0,173,0,0.5,5,1
28,100,42,0,0.1,3,1
37,24,121,0,1.0,5,0
17,135,46,0,0.4,3,0
165,25,172,0,0.5,5,0
28,45,67,0,0.4,5,1
173,480,111,6,0.5,5,0
10,0,60,6,0.4,5,0
12,43,47,6,0.30000000000000004,5,1
28,0,173,6,0.0,5,0
138,25,102,6,0.2,5,1
34,0,173,6,0.30000000000000004,4,0
112,15,120,6,0.2,3,0
141,740,14,6,0.2,5,0
28,10,29,6,0.2,3,0
156,0,70,6,0.30000000000000004,5,0
28,0,42,6,0.1,5,0
127,80,70,6,0.5,5,0
58,30,24,6,0.30000000000000004,3,0
42,22,70,6,0.0,5,0
127,20,123,6,0.30000000000000004,5,0
35,0,41,6,0.0,5,1
130,29,178,6,0.6000000000000001,5,0
111,0,147,6,0.30000000000000004,3,0
122,0,55,6,0.30000000000000004,4,1
40,20,70,6,0.30000000000000004,3,0
32,4,70,6,0.7000000000000001,3,0
32,30,84,6,0.7000000000000001,4,0
32,5,67,6,0.9,4,0
38,0,120,6,0.2,5,1
39,5,17,6,0.4,3,0
141,0,64,6,0.8,4,0
114,20,177,6,0.2,5,1
42,42,121,6,0.2,5,0
112,10,132,6,0.2,4,0
147,20,61,6,0.2,3,1
35,9,178,6,1.0,5,0
40,5,89,6,0.30000000000000004,4,1
39,10,109,6,0.4,5,0
40,40,21,6,0.2,3,0
17,70,73,6,0.2,3,0
28,20,121,6,0.4,5,0
100,220,105,6,0.2,4,0
32,35,121,6,0.30000000000000004,4,0
131,35,120,6,0.2,3,0
12,0,70,6,0.30000000000000004,4,0
122,0,47,6,0.8,3,0
47,0,70,6,0.6000000000000001,3,0
43,30,177,6,0.2,5,1
106,20,121,6,0.2,5,0
40,6,70,6,0.30000000000000004,3,1
10,15,84,6,0.4,5,0
32,5,70,6,0.2,4,0
94,10,70,6,0.30000000000000004,5,0
140,10,132,6,0.2,5,0
40,30,135,6,0.30000000000000004,5,1
32,6,70,6,0.4,3,0
164,0,61,6,0.2,4,0
164,50,97,6,0.4,4,1
35,23,178,6,0.4,5,0
106,15,70,6,0.30000000000000004,5,0
111,35,99,6,0.30000000000000004,5,0
122,4,47,6,0.2,5,0
33,10,173,6,0.30000000000000004,5,1
111,14,70,6,0.5,3,1
130,0,124,6,0.2,3,0
41,8,67,6,0.5,3,0
106,10,21,6,0.30000000000000004,5,0
97,260,94,6,0.2,3,0
28,4,70,6,0.5,5,0
16,8,47,6,0.30000000000000004,4,0
40,70,37,6,0.9,3,1
10,65,87,6,0.30000000000000004,3,0
134,0,20,6,0.5,3,0
35,150,148,6,0.30000000000000004,3,1
28,45,14,6,0.5,5,0
33,10,173,6,0.2,5,0
43,18,70,6,0.30000000000000004,5,1
12,50,36,6,0.2,5,0
107,52,47,6,0.30000000000000004,1,0
34,50,138,6,0.4,3,0
131,7,70,6,0.2,5,0
157,20,80,6,0.4,4,0
106,120,181,6,0.2,2,0
106,0,67,6,0.30000000000000004,3,0
40,30,70,6,0.4,5,1
10,50,61,6,0.4,5,0
111,15,120,6,0.2,1,0
109,10,81,6,0.5,3,0
35,300,132,6,0.30000000000000004,4,0
40,146,173,6,0.6000000000000001,5,1
105,20,36,6,0.2,4,1
27,120,111,6,0.2,5,0
32,21,120,6,0.30000000000000004,4,0
32,55,177,6,0.30000000000000004,5,0
9,10,10,6,0.5,5,1
35,200,170,6,0.2,3,1
10,60,180,6,0.30000000000000004,4,0
12,4,177,6,0.9,5,0
42,0,70,6,0.2,5,0
32,55,84,6,0.7000000000000001,3,1
10,20,61,6,0.30000000000000004,5,0
121,0,21,6,0.2,5,0
27,0,70,6,0.0,5,0
20,30,29,6,0.7000000000000001,3,0
28,29,121,6,0.6000000000000001,5,0
41,8,67,6,0.5,3,0
56,90,14,6,0.2,4,0
42,30,70,6,0.2,5,0
68,5,70,6,0.30000000000000004,3,0
28,0,120,6,0.4,5,0
116,13,120,6,0.6000000000000001,3,0
38,25,70,6,0.2,5,1
37,60,178,6,0.30000000000000004,5,1
51,80,175,6,0.7000000000000001,3,0
130,15,134,6,0.2,3,0
156,10,70,6,0.2,4,0
28,15,109,6,0.2,3,0
34,40,70,6,0.30000000000000004,3,0
176,25,120,6,0.30000000000000004,5,0
131,10,100,6,0.30000000000000004,5,0
28,12,42,6,0.0,5,0
27,15,147,6,0.2,5,1
9,15,21,6,0.0,4,0
45,20,27,6,0.2,4,0
105,9,70,6,0.2,5,1
112,10,70,6,0.0,3,0
39,0,70,6,0.0,5,1
16,30,47,6,0.30000000000000004,5,0
40,10,177,6,0.0,5,1
42,20,123,6,0.4,5,0
136,20,167,6,0.2,5,0
34,10,70,6,0.4,3,2
12,0,173,6,0.1,5,0
32,0,70,6,0.2,5,0
35,6,99,6,0.2,5,0
9,10,176,6,0.7000000000000001,5,0
40,15,67,6,0.30000000000000004,4,1
42,70,74,6,0.2,3,1
40,50,182,6,0.30000000000000004,5,0
40,0,138,6,0.30000000000000004,3,0
116,20,120,6,0.4,3,0
35,20,70,6,0.2,5,0
107,10,27,6,0.2,3,1
28,50,94,6,0.0,5,1
16,15,120,6,0.30000000000000004,3,0
111,5,101,6,0.0,5,0
16,0,120,6,0.2,5,0
106,40,120,6,0.8,3,0
128,0,70,6,0.5,4,0
28,20,55,6,0.1,5,0
134,0,63,6,0.30000000000000004,5,0
42,25,61,4,0.1,5,0
31,6,61,4,0.4,5,0
127,5,61,4,0.4,5,1
112,3,61,4,0.5,5,0
31,6,61,4,0.4,5,1
40,20,61,4,0.2,3,2
136,1,61,4,0.0,5,1
127,5,61,4,0.30000000000000004,5,0
28,12,61,4,0.4,4,0
105,10,75,4,0.4,3,1
113,5,61,4,0.2,5,2
34,0,61,4,0.5,5,1
51,1,61,4,0.0,3,0
131,4,75,4,0.2,2,0
130,7,61,4,0.4,5,0
112,10,61,4,0.5,5,2
141,15,75,4,0.4,5,2
130,6,61,4,0.7000000000000001,3,0
32,0,61,4,0.2,3,1
168,5,61,4,0.5,5,1
130,0,21,4,0.0,5,2
136,30,75,4,0.2,5,1
12,1,61,4,0.30000000000000004,3,1
32,22,61,4,0.1,4,1
114,7,61,4,0.2,5,1
136,0,75,4,0.2,5,0
112,6,61,4,0.5,5,1
44,0,61,4,0.30000000000000004,5,1
111,10,61,4,0.7000000000000001,5,1
94,4,75,4,0.8,5,0
40,8,61,4,0.7000000000000001,4,2
173,4,61,4,0.30000000000000004,5,0
28,4,75,4,0.8,5,2
35,0,61,4,0.2,3,0
12,2,61,4,0.2,5,0
42,12,61,4,0.8,5,0
113,5,61,4,0.4,5,1
10,20,61,4,0.2,4,1
127,20,61,4,0.2,5,1
42,8,61,4,0.0,5,1
27,3,61,4,0.8,3,0
32,88,61,4,0.0,4,1
173,8,61,4,0.4,4,0
27,2,61,4,0.4,3,0
10,12,61,4,0.4,4,1
10,0,61,4,0.2,5,0
34,11,61,4,0.6000000000000001,5,1
47,0,61,4,0.5,4,1
40,8,61,4,0.6000000000000001,5,0
122,5,61,4,0.4,3,0
32,0,76,4,0.7000000000000001,5,0
165,0,61,4,0.6000000000000001,3,1
40,5,61,4,0.5,5,1
33,7,61,4,0.0,5,0
105,6,61,4,0.2,3,0
159,8,61,4,0.4,5,1
127,4,61,4,0.0,5,1
27,15,78,4,0.2,5,0
113,25,74,4,0.1,3,0
173,10,61,4,0.7000000000000001,4,0
12,20,61,4,0.4,5,0
32,50,61,4,0.1,4,1
28,0,61,4,0.7000000000000001,4,0
156,23,61,4,0.4,5,0
127,20,61,4,0.30000000000000004,4,1
27,6,61,4,0.2,5,0
9,2,61,4,0.2,3,0
41,10,61,4,0.2,5,0
42,12,61,4,0.0,3,0
111,6,70,4,0.4,3,1
32,22,61,4,0.2,4,0
40,5,61,4,0.0,5,0
178,25,61,4,0.1,5,0
99,8,61,4,0.30000000000000004,5,0
130,0,61,4,0.30000000000000004,3,1
112,12,61,4,0.4,4,1
127,150,182,4,0.2,2,0
109,300,61,4,0.0,4,1
32,0,61,4,0.30000000000000004,3,1
24,0,61,4,0.5,5,0
82,0,61,4,0.6000000000000001,5,0
42,13,75,4,0.7000000000000001,5,2
33,7,61,4,0.1,5,1
115,7,61,4,0.5,4,0
40,10,61,4,0.0,5,1
42,8,61,4,0.4,5,1
42,30,61,4,1.0,4,1
28,0,61,4,0.4,4,1
112,15,75,4,0.2,2,2
42,8,61,4,0.8,4,0
136,0,61,4,0.6000000000000001,3,0
136,5,61,4,0.2,5,1
35,0,61,4,0.5,4,1
111,11,75,4,0.0,3,1
37,0,61,4,0.2,3,2
157,8,61,4,0.2,5,1
13,7,61,4,0.7000000000000001,5,2
104,300,61,4,0.0,5,1
127,0,61,4,0.5,5,0
113,6,75,4,0.2,5,0
32,22,61,4,0.2,4,0
156,5,61,4,0.30000000000000004,5,1
40,5,61,4,0.0,5,1
136,0,61,4,0.30000000000000004,5,0
114,7,61,4,0.2,3,2
130,4,61,4,0.9,5,0
111,80,61,4,0.2,5,2
32,10,61,4,0.30000000000000004,4,1
82,6,61,4,0.5,4,0
28,5,61,4,0.4,5,0
137,30,61,4,0.5,3,0
90,10,61,4,0.7000000000000001,3,1
34,5,61,4,0.30000000000000004,5,1
53,0,61,4,0.2,5,0
168,20,61,4,0.2,4,1
40,0,67,4,0.1,4,1
40,0,61,4,0.6000000000000001,5,1
44,0,61,4,0.5,5,1
78,0,61,4,0.1,2,0
165,11,61,4,1.0,5,0
165,0,61,4,0.2,3,0
33,100,75,4,0.2,5,1
28,5,61,4,0.2,3,1
106,10,61,4,0.30000000000000004,5,0
152,8,61,4,0.0,5,0
42,30,61,4,0.9,4,2
28,0,67,4,0.30000000000000004,4,1
136,0,75,4,0.30000000000000004,4,1
130,0,61,4,0.2,5,1
42,0,61,4,0.2,5,0
36,0,61,4,0.30000000000000004,4,0
105,50,61,4,0.0,5,2
77,5,61,4,0.2,5,1
42,2,61,4,0.4,5,0
122,3,75,4,0.5,3,0
36,0,75,4,0.6000000000000001,4,0
35,40,61,4,0.30000000000000004,3,1
27,8,61,4,0.2,3,0
168,0,61,4,0.5,3,0
116,50,75,4,0.7000000000000001,5,2
28,5,61,4,0.4,5,1
130,6,61,4,0.4,3,0
111,7,61,4,0.2,3,1
168,5,61,4,0.5,4,0
28,5,61,4,0.2,5,0
40,20,61,4,0.4,3,1
115,0,61,4,0.7000000000000001,2,0
10,40,61,4,0.0,4,2
28,0,61,4,0.30000000000000004,5,0
113,20,61,4,0.30000000000000004,4,2
130,300,138,16,0.0,5,2
40,9,138,16,0.0,5,2
164,6,138,16,0.1,4,0
130,60,138,16,0.30000000000000004,3,1
156,0,138,16,0.0,5,1
141,6,138,16,0.0,5,2
102,0,138,16,0.0,3,0
40,10,138,16,0.0,5,1
10,30,138,16,0.0,4,1
154,0,33,16,0.0,5,0
120,18,138,16,0.7000000000000001,3,1
10,0,138,16,0.1,3,1
168,0,138,16,0.0,3,1
32,60,138,16,0.0,5,2
35,1100,69,16,0.0,4,1
113,0,138,16,0.0,3,1
127,0,138,16,0.0,3,2
61,0,138,16,0.0,5,1
165,0,138,16,0.0,3,0
113,0,33,16,0.1,2,1
129,200,16,16,0.0,5,2
165,7,138,16,0.1,3,0
165,10,138,16,0.0,3,0
10,20,33,16,0.0,3,1
27,0,138,16,0.0,3,0
165,30,138,16,0.0,3,2
127,40,138,16,0.0,5,2
34,25,24,16,0.0,3,1
34,480,85,16,0.0,2,0
19,0,24,16,0.0,5,1
36,2500,149,16,0.0,5,1
34,6,138,16,0.0,5,1
33,0,138,16,0.0,3,1
48,0,39,16,0.0,3,0
110,10,138,16,0.0,5,1
165,40,138,16,0.30000000000000004,5,1
40,6,138,16,0.0,5,2
5,0,138,16,0.0,3,0
64,0,33,16,0.0,3,0
149,70,86,16,0.4,5,2
61,400,53,16,0.0,5,0
178,10,138,16,0.0,3,0
127,15,138,16,0.5,5,1
158,30,138,16,0.0,5,0
40,15000,157,16,0.0,5,0
130,0,138,16,0.0,3,1
95,5,138,16,0.0,3,0
94,3,138,16,0.0,3,0
166,10,138,16,0.0,3,0
41,5,138,16,0.0,3,2
45,0,138,16,0.0,3,0
106,0,138,16,0.0,5,1
48,25,33,16,0.0,5,1
28,0,138,16,0.0,3,1
117,0,138,16,0.0,3,1
117,0,33,16,0.2,5,1
177,8,138,16,0.0,3,1
136,10,58,16,0.0,3,0
112,0,138,16,0.0,3,1
68,16,135,16,0.0,3,0
32,8,138,16,0.0,4,1
12,0,33,16,0.30000000000000004,5,1
32,8,138,16,0.0,4,2
128,50,138,16,0.0,3,0
160,30,33,16,0.0,5,1
35,0,33,16,0.0,3,1
127,50,123,16,0.0,5,1
107,12,138,16,0.0,3,1
166,16,138,16,0.30000000000000004,3,1
154,0,138,16,0.0,4,0
9,500,33,16,0.0,3,0
111,60,149,16,0.0,5,1
64,0,138,16,0.0,3,0
136,0,138,16,0.0,2,1
47,10,138,16,0.0,5,1
109,3,138,16,0.0,5,1
178,0,138,16,0.0,3,0
165,7,138,16,0.1,3,1
27,40,138,16,0.0,5,2
29,900,149,16,0.0,4,1
112,50,33,16,0.0,5,0
51,0,138,16,0.0,3,1
40,0,138,16,0.0,3,1
12,0,138,16,0.0,5,1
136,0,138,16,0.0,4,0
28,10,138,16,0.0,3,1
27,40,138,16,0.30000000000000004,5,1
141,10,33,16,0.0,3,0
56,0,138,16,0.0,3,1
33,0,149,16,0.0,3,0
130,12,138,16,0.0,3,1
79,17,112,16,0.0,4,1
10,0,149,16,0.0,4,0
28,0,33,16,0.0,3,0
112,5,138,16,0.0,5,1
127,15,138,16,0.0,5,2
28,2300,111,16,0.0,3,0
57,200,2,16,0.0,3,0
78,4,138,16,0.30000000000000004,3,0
27,200,138,16,0.0,4,2
41,6,138,16,0.0,5,1
40,0,138,16,0.0,3,1
27,0,149,16,0.0,5,0
28,10,138,16,0.0,5,2
12,10,138,16,0.0,4,1
127,0,138,16,0.0,3,1
122,580,112,16,0.0,5,2
11,500,33,16,0.0,3,1
115,0,138,16,0.0,5,1
134,0,138,16,0.0,3,1
74,0,138,16,0.0,5,1
32,6,138,16,0.0,5,1
85,30,149,16,0.0,4,1
12,6,138,16,0.0,4,0
176,3,138,16,0.0,3,0
114,18,138,16,0.7000000000000001,3,1
140,0,33,16,0.1,5,1
122,40,138,16,0.30000000000000004,5,1
40,5,138,16,0.0,5,1
112,0,138,16,0.0,5,1
120,18,138,16,0.7000000000000001,3,1
156,40,33,16,0.0,4,1
165,8,138,16,0.0,5,0
44,10,138,16,0.0,5,0
121,0,138,16,0.0,5,1
40,380,149,16,0.0,4,1
122,320,149,16,0.0,3,0
136,0,149,13,0.30000000000000004,3,0
40,0,138,13,0.0,5,2
9,0,138,13,0.0,5,2
168,0,138,13,0.0,3,2
156,0,138,13,0.0,3,1
105,10,138,13,0.0,5,2
32,50,138,13,0.0,5,2
10,0,138,13,0.0,5,2
42,0,138,13,0.0,3,2
35,0,138,13,0.0,3,1
34,0,138,13,0.0,5,2
160,0,149,13,0.0,3,2
35,0,138,13,0.0,3,0
40,15,138,13,0.2,3,2
110,20,138,13,0.0,5,2
22,0,138,13,0.0,5,2
36,16,138,13,0.0,5,2
130,300,138,13,0.0,5,2
130,5,33,13,0.0,5,1
5,0,138,13,0.0,3,2
64,99,133,13,0.0,5,2
45,0,138,13,0.0,5,2
165,190,149,13,0.0,4,1
130,5,138,13,0.0,3,2
61,21,135,13,0.30000000000000004,5,0
165,8,138,13,0.0,5,2
90,20,133,13,0.0,4,2
40,15,33,13,0.0,5,2
144,0,33,13,0.0,5,2
178,10,138,13,0.2,3,2
36,0,138,13,0.0,4,2
126,45,133,13,0.0,5,2
95,5,138,13,0.0,2,2
156,0,138,13,0.0,5,2
156,0,23,13,0.0,3,2
159,0,138,13,0.0,3,2
178,10,138,13,0.2,3,1
156,30,135,13,0.0,5,1
141,1800,33,13,0.0,4,1
35,10,138,13,0.0,3,2
72,0,138,13,0.0,5,2
32,10,33,13,0.4,5,2
16,0,138,13,0.0,5,2
126,20,33,13,0.30000000000000004,4,1
112,150,149,13,0.30000000000000004,4,2
130,0,33,13,0.0,3,0
96,5,138,13,0.0,5,2
88,0,138,13,0.0,2,2
64,10,138,13,0.0,3,2
10,3,135,13,0.0,5,0
173,0,138,13,0.0,5,0
130,300,120,13,0.0,5,2
94,9,138,13,0.0,5,2
28,0,138,13,0.0,4,2
32,50,138,13,0.0,3,2
144,0,33,13,0.4,5,1
28,0,135,13,0.0,5,2
35,1000,133,13,0.0,5,2
136,0,135,13,0.0,3,1
124,4,21,13,0.0,3,2
106,3,33,13,0.0,3,2
24,0,138,13,0.0,5,0
38,1,135,13,0.30000000000000004,3,0
104,10,138,13,0.2,5,2
12,0,33,13,0.0,3,0
111,0,135,13,0.0,3,2
12,10,138,13,0.0,3,2
32,22,120,13,0.0,5,2
25,0,135,13,0.0,5,2
12,0,138,13,0.0,4,2
178,6,138,13,0.0,3,2
106,100,138,13,0.0,4,2
136,15,138,13,0.0,3,2
136,130,149,13,0.0,3,2
165,10,135,13,0.30000000000000004,3,2
40,15,33,13,0.0,5,0
105,0,135,13,0.2,5,2
51,2,33,13,0.0,5,0
33,5,33,13,0.0,4,2
113,10,135,13,0.0,3,2
29,0,33,13,0.2,3,0
112,5,135,13,0.30000000000000004,5,0
136,200,134,13,0.0,5,2
28,0,138,13,0.0,4,2
178,0,138,13,0.0,3,2
41,0,138,13,0.0,5,2
130,0,87,8,0.30000000000000004,3,1
38,10,58,8,0.0,3,0
148,60,2,8,0.0,4,2
3,0,56,8,0.0,5,1
106,10,24,8,0.30000000000000004,4,1
113,30,2,8,0.0,4,0
134,324,24,8,0.0,5,0
134,324,24,8,0.0,5,0
134,324,24,8,0.0,5,0
93,10,68,8,0.0,5,0
113,30,2,8,0.0,4,0
134,324,24,8,0.0,5,2
134,324,24,8,0.0,4,0
113,30,2,8,0.0,5,0
156,180,24,8,0.0,5,0
134,324,24,8,0.0,4,2
33,50,24,8,0.0,5,1
130,0,150,8,0.0,5,0
136,47,30,8,0.30000000000000004,5,0
156,180,24,8,0.0,5,0
110,800,2,8,0.30000000000000004,4,2
113,30,2,8,0.0,5,0
14,130,2,8,0.0,4,1
148,60,2,8,0.0,4,2
134,324,24,8,0.0,5,2
168,0,24,8,0.0,5,0
134,324,24,8,0.0,5,2
134,324,24,8,0.0,5,0
33,37,2,8,0.0,3,1
41,18,58,8,0.0,3,1
122,8,147,8,0.0,5,2
40,450,179,8,0.0,5,0
106,0,68,8,0.0,5,1
134,324,24,8,0.0,4,2
118,0,58,8,0.0,3,1
134,324,24,8,0.0,5,2
178,95,56,8,0.0,5,0
58,0,24,8,0.30000000000000004,3,0
115,0,24,8,0.0,4,1
24,0,2,8,0.0,5,1
134,324,24,8,0.0,5,1
130,0,24,8,0.4,4,1
32,3600,24,8,0.0,5,0
122,0,58,8,0.0,5,0
112,50,137,8,0.0,4,2
134,324,24,8,0.0,4,2
115,180,125,8,0.2,5,0
3,200,24,8,0.0,5,1
133,70,70,8,0.4,4,0
125,150,24,8,0.0,4,0
114,0,125,8,0.0,4,0
114,3600,137,8,0.30000000000000004,4,0
122,7,137,8,0.0,5,1
33,0,68,8,0.0,4,1
47,50,24,8,0.0,5,1
112,0,30,8,0.0,5,0
122,50,58,8,0.30000000000000004,3,1
28,17,56,8,0.0,5,0
106,40,58,8,0.0,5,1
130,0,30,8,0.0,5,0
93,10,68,8,0.0,5,0
134,324,24,8,0.0,3,2
156,180,24,8,0.0,5,0
28,0,24,8,0.30000000000000004,5,1
40,120,24,8,0.4,3,0
40,120,24,8,0.4,5,0
140,30,58,8,0.0,5,0
18,0,24,8,0.0,5,0
112,0,138,8,0.30000000000000004,3,1
57,200,2,8,0.0,5,1
24,0,2,8,0.0,5,2
37,3600,24,8,0.0,5,0
115,0,125,8,0.0,5,0
10,42,24,8,0.0,5,0
10,0,137,8,0.0,4,0
110,30,24,8,0.2,4,0
112,0,30,8,0.0,4,0
33,50,24,8,0.0,5,1
128,13,58,8,0.2,3,1
40,120,24,8,0.0,5,1
18,300,58,8,0.0,5,1
32,20,107,8,0.4,5,1
43,30,24,8,0.0,5,1
113,0,58,8,0.0,5,1
23,150,58,8,0.0,5,0
58,15,58,8,0.30000000000000004,4,1
113,30,58,8,0.30000000000000004,5,1
31,36,137,8,0.0,3,0
115,0,24,8,0.0,5,1
122,0,2,8,0.0,4,1
17,50,58,8,0.0,5,1
1,21,58,8,0.30000000000000004,4,0
127,40,58,8,0.0,5,1
33,37,2,8,0.0,3,1
178,95,56,8,0.0,5,0
168,0,182,7,0.0,5,0
28,100,182,7,0.6000000000000001,4,0
175,10,41,7,0.0,5,1
41,33,112,7,0.0,5,0
34,20,182,7,0.0,5,1
105,0,182,7,0.0,1,1
0,32,84,7,0.0,5,1
122,8,41,7,0.0,5,1
33,5,182,7,0.0,5,1
120,5,182,7,0.0,5,1
141,100,41,7,0.0,5,2
127,4,182,7,0.0,5,1
134,25,41,7,0.0,1,1
136,0,85,7,0.0,5,0
127,13,182,7,0.0,5,0
35,0,182,7,0.0,5,0
28,88,85,7,0.0,5,0
108,0,182,7,0.0,5,2
32,0,182,7,0.0,5,2
107,2100,182,7,0.0,5,1
40,0,182,7,0.0,5,1
40,0,182,7,0.0,5,0
26,0,120,7,0.0,5,0
32,0,182,7,0.0,5,1
112,3,182,7,0.0,5,1
135,15,41,7,0.0,5,1
11,270,149,7,0.0,5,0
70,65,85,7,0.0,3,1
11,80,33,7,0.0,5,1
130,0,41,7,0.0,5,1
32,25,182,7,0.0,2,1
67,0,85,7,0.0,3,0
94,200,182,7,0.0,5,0
113,0,182,7,0.0,5,1
109,43,166,7,0.0,5,0
128,20,137,7,0.0,2,0
110,0,182,7,0.0,5,0
127,40,182,7,0.0,5,1
42,25,41,7,0.0,5,2
38,15,182,7,0.0,5,1
125,95,84,7,0.0,5,2
108,15,182,7,0.0,5,1
42,6,182,7,0.0,5,1
34,150,182,7,0.0,5,1
12,0,138,7,0.0,5,1
122,0,182,7,0.0,5,1
12,0,112,7,0.0,2,0
159,90,12,7,0.0,5,0
122,15,112,7,0.0,2,0
173,15,182,7,0.30000000000000004,5,0
28,20,1,7,0.0,5,0
114,16,40,7,0.0,5,0
9,0,33,7,0.0,3,1
122,10,182,7,0.0,5,1
62,0,41,7,0.0,5,1
126,100,41,7,0.0,5,2
39,110,6,7,0.0,5,1
173,0,182,7,0.0,1,1
159,0,182,7,0.0,5,0
12,8,182,7,0.0,5,0
106,40,24,7,0.0,5,0
178,35,33,7,0.0,5,1
56,272,24,7,0.0,3,0
129,100,41,7,0.0,3,2
60,80,85,7,0.0,2,1
27,15,182,7,0.0,5,1
39,110,6,7,0.0,5,1
42,0,182,7,0.0,5,1
42,0,40,7,0.0,5,1
41,0,58,7,0.0,5,0
32,10,23,7,0.0,3,2
127,50,41,7,0.0,3,0
39,0,182,7,0.0,5,2
122,0,41,7,0.0,5,1
144,2100,182,7,0.0,5,0
98,70,41,7,0.0,5,1
18,200,112,7,0.0,2,0
34,0,182,7,0.0,5,1
125,0,58,7,0.0,5,0
136,80,182,7,0.0,2,1
175,40,41,7,0.2,5,1
26,0,41,7,0.0,5,1
166,50,85,7,0.0,5,0
133,10,182,7,0.0,5,1
32,0,182,7,0.0,5,2
44,0,182,7,0.0,5,0
112,5,182,7,0.0,5,1
28,0,182,7,0.0,5,0
40,11,182,7,0.0,5,0
43,0,182,7,0.0,5,1
105,0,40,7,0.0,2,1
122,0,2,7,0.0,5,0
138,0,182,7,0.0,5,1
102,50,85,7,0.0,3,0
40,0,182,7,0.0,5,0
114,86,40,7,0.0,5,1
27,0,182,7,0.0,5,1
40,20,182,7,0.0,5,0
28,5,182,7,0.0,5,1
122,0,41,7,0.0,5,1
38,150,182,7,0.0,5,1
43,800,7,7,0.0,2,0
28,0,182,7,0.0,5,0
165,70,59,7,0.0,5,0
38,0,182,7,0.0,5,1
32,10,182,7,0.0,5,1
32,40,41,7,0.0,5,1
130,0,182,7,0.0,5,1
138,1800,182,7,0.0,5,1
128,50,181,7,0.0,5,0
122,20,182,7,0.0,5,1
136,15,74,7,0.0,3,1
12,0,182,7,0.0,5,1
32,300,85,7,0.0,5,0
130,12,182,7,0.0,5,0
178,30,41,7,0.0,5,0
127,60,33,7,0.0,3,0
178,0,182,7,0.0,5,1
40,40,182,7,0.0,5,1
18,0,182,7,0.0,5,2
40,20,182,7,0.0,5,1
111,0,182,7,0.0,5,1
10,0,182,7,0.0,5,0
94,110,58,7,0.0,1,0
134,0,149,7,0.0,5,1
42,6,182,7,0.0,5,1
112,0,41,7,0.0,5,0
82,60,41,7,0.0,5,1
106,0,182,7,0.0,5,1
105,100,40,7,0.0,3,0
94,0,33,7,0.0,3,0
12,0,138,7,0.0,5,0
105,100,40,7,0.0,3,1
166,38,182,7,0.0,1,1
56,0,58,7,0.0,3,0
113,0,147,7,0.0,2,1
34,60,182,7,0.0,3,1
157,30,6,7,0.0,5,1
168,300,33,7,0.0,5,0
130,210,182,7,0.0,5,1
40,50,182,15,0.0,5,1
42,300,72,15,0.0,5,0
11,0,71,15,0.0,4,0
35,0,83,15,0.0,5,0
27,588,72,15,0.0,5,0
43,0,174,15,0.4,3,0
40,15,83,15,0.0,4,0
40,700,72,15,0.0,3,0
159,588,72,15,0.0,5,0
35,0,55,15,0.0,3,1
27,1500,174,15,0.30000000000000004,4,1
159,250,72,15,0.30000000000000004,5,0
1,110,70,15,0.0,5,0
35,0,55,15,0.0,5,0
35,0,55,15,0.4,3,0
35,850,174,15,0.0,5,1
40,0,70,15,0.30000000000000004,3,0
42,10,70,15,0.0,4,2
33,1100,174,15,0.0,3,1
35,320,174,15,0.0,5,0
35,320,174,15,0.0,5,0
35,30,70,15,0.4,5,0
35,850,174,15,0.0,5,1
27,1400,174,15,0.0,5,0
173,1100,174,15,0.0,3,1
136,1300,121,15,0.0,4,0
33,0,112,15,0.0,4,0
35,1400,174,15,0.0,5,0
34,20,70,15,0.0,5,2
128,107,174,15,0.0,3,0
42,700,174,15,0.0,4,1
165,1300,121,15,0.0,5,0
27,588,72,15,0.0,3,0
42,80,121,15,0.0,5,0
33,1100,174,15,0.30000000000000004,3,1
43,18,70,15,0.0,5,1
136,0,174,15,0.0,3,0
110,68,30,15,0.0,5,0
37,200,71,15,0.2,5,1
35,1400,174,15,0.0,5,0
11,525,174,15,0.0,3,0
116,2295,17,15,0.0,5,1
40,15,83,15,0.0,5,1
33,1100,174,15,0.0,4,1
173,525,174,15,0.0,3,0
40,700,72,15,0.30000000000000004,3,0
160,0,174,15,0.1,5,0
156,700,174,15,0.0,4,0
144,54,174,15,0.0,4,0
173,0,174,15,0.4,2,0
60,0,174,15,0.4,2,0
40,700,72,15,0.0,3,0
37,250,72,15,0.0,5,0
35,440,174,15,0.0,3,1
35,440,174,15,0.0,3,1
35,1500,174,15,0.0,3,1
35,700,174,15,0.6000000000000001,4,0
33,0,30,15,0.6000000000000001,4,0
35,588,72,15,0.0,5,1
64,0,174,15,0.0,3,0
173,1100,174,15,0.0,3,1
35,1400,174,15,0.0,5,0
27,450,174,15,0.0,4,0
35,1400,174,15,0.0,5,0
42,300,72,15,0.0,5,1
34,0,163,15,0.7000000000000001,3,0
40,700,72,15,0.0,3,0
35,0,174,15,0.0,3,1
43,0,174,15,0.0,3,0
43,0,174,15,0.0,3,1
35,700,174,15,0.6000000000000001,4,0
35,588,72,15,0.0,5,1
33,35,69,15,0.0,5,1
35,20,55,15,0.0,5,0
42,30,24,15,0.1,3,0
115,1300,121,15,0.0,5,0
35,25,72,15,0.4,3,1
64,0,174,15,0.0,3,0
32,13,70,15,0.6000000000000001,3,0
43,0,174,15,0.4,4,0
35,440,174,15,0.0,3,1
34,0,55,15,0.0,5,0
173,525,174,15,0.0,3,0
35,500,174,15,0.0,5,0
34,0,55,15,0.0,5,1
33,1100,174,15,0.0,3,1
35,440,174,15,0.4,3,0
35,500,174,15,0.0,5,0
40,700,72,15,0.0,3,0
68,3,69,15,0.0,5,0
116,2295,17,15,0.30000000000000004,5,1
42,55,121,15,0.0,5,0
41,100,143,15,0.5,4,2
9,15,70,15,0.1,5,2
42,25,170,15,0.30000000000000004,3,0
159,588,72,15,0.0,5,0
35,0,55,15,0.0,3,2
35,1500,174,15,0.0,3,0
159,850,174,15,0.0,5,1
35,500,174,15,0.0,3,0
32,15,163,15,0.4,5,0
32,10,69,15,0.0,5,1
33,10,113,15,0.4,5,1
128,107,174,15,0.0,3,0
37,550,121,15,0.1,4,1
37,1400,163,15,0.4,4,0
37,1400,163,15,0.4,4,0
130,105,79,15,0.7000000000000001,3,0
32,236,71,15,0.0,5,1
94,23,71,15,0.7000000000000001,4,0
40,42,17,15,0.0,3,1
33,1100,174,15,0.0,3,0
32,13,70,15,0.8,3,0
9,15,70,15,0.1,5,0
37,200,71,15,0.0,3,0
40,42,17,15,0.0,3,0
40,10,70,15,0.7000000000000001,3,1
10,65,87,15,0.1,4,0
